<?xml version="1.0" encoding="utf-8"?>
<!DOCTYPE hibernate-configuration PUBLIC
        "-//Hibernate/Hibernate Configuration DTD 3.0//EN"
        "http://hibernate.sourceforge.net/hibernate-configuration-3.0.dtd">

<hibernate-configuration>
    <session-factory>
        <!-- Database connection settings -->
        <property name="connection.driver_class">com.mysql.cj.jdbc.Driver</property>
        <property name="connection.url">jdbc:mysql://localhost:3306/userdb?useSSL=false&amp;serverTimezone=UTC</property>
        <property name="connection.username">root</property>
        <property name="connection.password">51525152</property>

        <!-- JDBC connection pool settings -->
        <property name="connection.pool_size">1</property>

        <!-- Hibernate SQL dialect -->
        <property name="dialect">org.hibernate.dialect.MySQL8Dialect</property>
        <property name="hibernate.current_session_context_class">thread</property>

        <!-- Echo all executed SQL to stdout -->
        <property name="show_sql">true</property>
        <property name="format_sql">true</property>

        <!-- Mapping files -->
        <!-- add here your .hbm.xml files -->

        <!-- entity mapping -->
        <mapping class="models.Role"/>
        <mapping class="models.User"/>
    </session-factory>
</hibernate-configuration>
